filename,width,height,class,xmin,ymin,xmax,ymax
4589_no-frills-atlantic-flyer-september-30-to-october-6_page_8.png,1543,3600,ad_block,58,218,752,1059
4589_no-frills-atlantic-flyer-september-30-to-october-6_page_8.png,1543,3600,ad_block,781,247,1493,1053
4589_no-frills-atlantic-flyer-september-30-to-october-6_page_8.png,1543,3600,ad_block,49,1071,770,1682
4589_no-frills-atlantic-flyer-september-30-to-october-6_page_8.png,1543,3600,ad_block,778,1071,1502,1676
4589_no-frills-atlantic-flyer-september-30-to-october-6_page_8.png,1543,3600,ad_block,43,1688,767,2291
4589_no-frills-atlantic-flyer-september-30-to-october-6_page_8.png,1543,3600,ad_block,776,1688,1493,2291
4589_no-frills-atlantic-flyer-september-30-to-october-6_page_8.png,1543,3600,ad_block,46,2303,520,2921
4589_no-frills-atlantic-flyer-september-30-to-october-6_page_8.png,1543,3600,ad_block,528,2303,1011,2924
4589_no-frills-atlantic-flyer-september-30-to-october-6_page_8.png,1543,3600,ad_block,1020,2303,1499,2918
4589_no-frills-atlantic-flyer-september-30-to-october-6_page_8.png,1543,3600,ad_block,43,3056,534,3515
4589_no-frills-atlantic-flyer-september-30-to-october-6_page_8.png,1543,3600,ad_block,531,3053,981,3518
4589_no-frills-atlantic-flyer-september-30-to-october-6_page_8.png,1543,3600,ad_block,990,3053,1499,3506
4585_no-frills-on-flyer-october-7-to-131_page_12.png,1543,3600,ad_block,54,217,717,1063
4585_no-frills-on-flyer-october-7-to-131_page_12.png,1543,3600,ad_block,763,215,1473,1058
4585_no-frills-on-flyer-october-7-to-131_page_12.png,1543,3600,ad_block,44,1090,527,1540
4585_no-frills-on-flyer-october-7-to-131_page_12.png,1543,3600,ad_block,537,1087,1008,1538
4585_no-frills-on-flyer-october-7-to-131_page_12.png,1543,3600,ad_block,1015,1090,1498,1537
4585_no-frills-on-flyer-october-7-to-131_page_12.png,1543,3600,ad_block,42,1544,527,2004
4585_no-frills-on-flyer-october-7-to-131_page_12.png,1543,3600,ad_block,535,1544,1010,2006
4585_no-frills-on-flyer-october-7-to-131_page_12.png,1543,3600,ad_block,1019,1544,1500,2002
4585_no-frills-on-flyer-october-7-to-131_page_12.png,1543,3600,ad_block,44,2010,404,2473
4585_no-frills-on-flyer-october-7-to-131_page_12.png,1543,3600,ad_block,410,2012,769,2471
4585_no-frills-on-flyer-october-7-to-131_page_12.png,1543,3600,ad_block,775,2012,1133,2471
4585_no-frills-on-flyer-october-7-to-131_page_12.png,1543,3600,ad_block,1140,2010,1500,2471
4585_no-frills-on-flyer-october-7-to-131_page_12.png,1543,3600,ad_block,42,2477,404,2937
4585_no-frills-on-flyer-october-7-to-131_page_12.png,1543,3600,ad_block,412,2475,767,2942
4585_no-frills-on-flyer-october-7-to-131_page_12.png,1543,3600,ad_block,773,2477,1131,2937
4585_no-frills-on-flyer-october-7-to-131_page_12.png,1543,3600,ad_block,1140,2479,1500,2938
4585_no-frills-on-flyer-october-7-to-131_page_12.png,1543,3600,ad_block,46,3077,523,3512
4585_no-frills-on-flyer-october-7-to-131_page_12.png,1543,3600,ad_block,537,3077,1008,3513
4585_no-frills-on-flyer-october-7-to-131_page_12.png,1543,3600,ad_block,1019,3077,1498,3513
4585_no-frills-on-flyer-october-7-to-131_page_2.png,1543,3600,ad_block,59,845,559,1654
4585_no-frills-on-flyer-october-7-to-131_page_2.png,1543,3600,ad_block,573,850,1155,1650
4585_no-frills-on-flyer-october-7-to-131_page_2.png,1543,3600,ad_block,923,472,1487,968
4585_no-frills-on-flyer-october-7-to-131_page_2.png,1543,3600,ad_block,955,972,1500,1654
4585_no-frills-on-flyer-october-7-to-131_page_2.png,1543,3600,ad_block,41,1659,441,2300
4585_no-frills-on-flyer-october-7-to-131_page_2.png,1543,3600,ad_block,455,1677,991,2318
4585_no-frills-on-flyer-october-7-to-131_page_2.png,1543,3600,ad_block,1023,1663,1482,2304
4585_no-frills-on-flyer-october-7-to-131_page_2.png,1543,3600,ad_block,46,2304,400,2913
4585_no-frills-on-flyer-october-7-to-131_page_2.png,1543,3600,ad_block,409,2322,950,2904
4585_no-frills-on-flyer-october-7-to-131_page_2.png,1543,3600,ad_block,973,2327,1487,2900
4585_no-frills-on-flyer-october-7-to-131_page_2.png,1543,3600,ad_block,50,3045,764,3372
4585_no-frills-on-flyer-october-7-to-131_page_2.png,1543,3600,ad_block,778,2991,1487,3377
4586_no-frills-atlantic-flyer-october-7-to-13_page_4.png,1543,3600,ad_block,45,1181,754,1763
4586_no-frills-atlantic-flyer-october-7-to-13_page_4.png,1543,3600,ad_block,792,1181,1498,1756
4586_no-frills-atlantic-flyer-october-7-to-13_page_4.png,1543,3600,ad_block,48,1791,757,2338
4586_no-frills-atlantic-flyer-october-7-to-13_page_4.png,1543,3600,ad_block,788,1794,1498,2341
4586_no-frills-atlantic-flyer-october-7-to-13_page_4.png,1543,3600,ad_block,48,2372,513,2919
4586_no-frills-atlantic-flyer-october-7-to-13_page_4.png,1543,3600,ad_block,545,2375,998,2928
4586_no-frills-atlantic-flyer-october-7-to-13_page_4.png,1543,3600,ad_block,1032,2372,1495,2922
4586_no-frills-atlantic-flyer-october-7-to-13_page_4.png,1543,3600,ad_block,42,2956,392,3513
4586_no-frills-atlantic-flyer-october-7-to-13_page_4.png,1543,3600,ad_block,426,2956,754,3509
4586_no-frills-atlantic-flyer-october-7-to-13_page_4.png,1543,3600,ad_block,788,2959,1120,3506
4586_no-frills-atlantic-flyer-october-7-to-13_page_4.png,1543,3600,ad_block,1157,2959,1492,3509
4586_no-frills-atlantic-flyer-october-7-to-13_page_12.png,1543,3600,ad_block,54,219,701,1060
4586_no-frills-atlantic-flyer-october-7-to-13_page_12.png,1543,3600,ad_block,785,210,1485,1062
4586_no-frills-atlantic-flyer-october-7-to-13_page_12.png,1543,3600,ad_block,49,1069,525,1533
4586_no-frills-atlantic-flyer-october-7-to-13_page_12.png,1543,3600,ad_block,537,1071,1008,1536
4586_no-frills-atlantic-flyer-october-7-to-13_page_12.png,1543,3600,ad_block,1020,1071,1494,1536
4586_no-frills-atlantic-flyer-october-7-to-13_page_12.png,1543,3600,ad_block,46,1545,523,2002
4586_no-frills-atlantic-flyer-october-7-to-13_page_12.png,1543,3600,ad_block,532,1545,1011,2005
4586_no-frills-atlantic-flyer-october-7-to-13_page_12.png,1543,3600,ad_block,1018,1543,1494,2002
4586_no-frills-atlantic-flyer-october-7-to-13_page_12.png,1543,3600,ad_block,49,2012,401,2469
4586_no-frills-atlantic-flyer-october-7-to-13_page_12.png,1543,3600,ad_block,411,2012,770,2471
4586_no-frills-atlantic-flyer-october-7-to-13_page_12.png,1543,3600,ad_block,777,2014,1130,2469
4586_no-frills-atlantic-flyer-october-7-to-13_page_12.png,1543,3600,ad_block,1139,2010,1494,2464
4586_no-frills-atlantic-flyer-october-7-to-13_page_12.png,1543,3600,ad_block,42,2481,399,2933
4586_no-frills-atlantic-flyer-october-7-to-13_page_12.png,1543,3600,ad_block,411,2481,765,2933
4586_no-frills-atlantic-flyer-october-7-to-13_page_12.png,1543,3600,ad_block,775,2479,1132,2938
4586_no-frills-atlantic-flyer-october-7-to-13_page_12.png,1543,3600,ad_block,1144,2479,1501,2938
4586_no-frills-atlantic-flyer-october-7-to-13_page_12.png,1543,3600,ad_block,44,3079,523,3517
4586_no-frills-atlantic-flyer-october-7-to-13_page_12.png,1543,3600,ad_block,535,3076,1008,3512
4586_no-frills-atlantic-flyer-october-7-to-13_page_12.png,1543,3600,ad_block,1018,3083,1492,3510
4585_no-frills-on-flyer-october-7-to-131_page_10.png,1543,3600,ad_block,52,296,748,946
4585_no-frills-on-flyer-october-7-to-131_page_10.png,1543,3600,ad_block,773,208,1498,948
4585_no-frills-on-flyer-october-7-to-131_page_10.png,1543,3600,ad_block,48,948,531,1440
4585_no-frills-on-flyer-october-7-to-131_page_10.png,1543,3600,ad_block,535,958,1010,1446
4585_no-frills-on-flyer-october-7-to-131_page_10.png,1543,3600,ad_block,1013,952,1502,1437
4585_no-frills-on-flyer-october-7-to-131_page_10.png,1543,3600,ad_block,52,1440,521,1906
4585_no-frills-on-flyer-october-7-to-131_page_10.png,1543,3600,ad_block,535,1471,1015,1919
4585_no-frills-on-flyer-october-7-to-131_page_10.png,1543,3600,ad_block,1021,1440,1494,1915
4585_no-frills-on-flyer-october-7-to-131_page_10.png,1543,3600,ad_block,50,1919,404,2379
4585_no-frills-on-flyer-october-7-to-131_page_10.png,1543,3600,ad_block,410,1929,758,2381
4585_no-frills-on-flyer-october-7-to-131_page_10.png,1543,3600,ad_block,765,2021,1129,2383
4585_no-frills-on-flyer-october-7-to-131_page_10.png,1543,3600,ad_block,1137,1917,1492,2400
4585_no-frills-on-flyer-october-7-to-131_page_10.png,1543,3600,ad_block,50,2377,410,2883
4585_no-frills-on-flyer-october-7-to-131_page_10.png,1543,3600,ad_block,383,2444,773,2887
4585_no-frills-on-flyer-october-7-to-131_page_10.png,1543,3600,ad_block,775,2413,1121,2885
4585_no-frills-on-flyer-october-7-to-131_page_10.png,1543,3600,ad_block,1131,2488,1498,2881
4588_no-frills-on-flyer-september-30-to-october-61_page_16.png,1543,3600,ad_block,55,231,841,1068
4588_no-frills-on-flyer-september-30-to-october-61_page_16.png,1543,3600,ad_block,837,218,1478,1059
4588_no-frills-on-flyer-september-30-to-october-61_page_16.png,1543,3600,ad_block,50,1077,514,1522
4588_no-frills-on-flyer-september-30-to-october-61_page_16.png,1543,3600,ad_block,529,1078,1007,1516
4588_no-frills-on-flyer-september-30-to-october-61_page_16.png,1543,3600,ad_block,1017,1075,1495,1519
4588_no-frills-on-flyer-september-30-to-october-61_page_16.png,1543,3600,ad_block,48,1531,526,1975
4588_no-frills-on-flyer-september-30-to-october-61_page_16.png,1543,3600,ad_block,532,1528,1007,1975
4588_no-frills-on-flyer-september-30-to-october-61_page_16.png,1543,3600,ad_block,1020,1531,1495,1975
4588_no-frills-on-flyer-september-30-to-october-61_page_16.png,1543,3600,ad_block,48,1984,520,2428
4588_no-frills-on-flyer-september-30-to-october-61_page_16.png,1543,3600,ad_block,535,1988,1007,2428
4588_no-frills-on-flyer-september-30-to-october-61_page_16.png,1543,3600,ad_block,1023,1988,1498,2431
4588_no-frills-on-flyer-september-30-to-october-61_page_16.png,1543,3600,ad_block,45,2438,523,2894
4588_no-frills-on-flyer-september-30-to-october-61_page_16.png,1543,3600,ad_block,535,2438,1008,2890
4588_no-frills-on-flyer-september-30-to-october-61_page_16.png,1543,3600,ad_block,1020,2440,1499,2887
4588_no-frills-on-flyer-september-30-to-october-61_page_16.png,1543,3600,ad_block,42,3033,404,3510
4588_no-frills-on-flyer-september-30-to-october-61_page_16.png,1543,3600,ad_block,410,3029,762,3510
4588_no-frills-on-flyer-september-30-to-october-61_page_16.png,1543,3600,ad_block,773,3031,1125,3514
4588_no-frills-on-flyer-september-30-to-october-61_page_16.png,1543,3600,ad_block,1135,3033,1501,3507
4588_no-frills-on-flyer-september-30-to-october-61_page_14.png,1543,3600,ad_block,48,231,713,963
4588_no-frills-on-flyer-september-30-to-october-61_page_14.png,1543,3600,ad_block,748,353,1488,959
4588_no-frills-on-flyer-september-30-to-october-61_page_14.png,1543,3600,ad_block,54,966,751,1450
4588_no-frills-on-flyer-september-30-to-october-61_page_14.png,1543,3600,ad_block,754,959,1485,1459
4588_no-frills-on-flyer-september-30-to-october-61_page_14.png,1543,3600,ad_block,63,1453,523,2031
4588_no-frills-on-flyer-september-30-to-october-61_page_14.png,1543,3600,ad_block,535,1459,1007,2038
4588_no-frills-on-flyer-september-30-to-october-61_page_14.png,1543,3600,ad_block,998,1463,1498,2028
4588_no-frills-on-flyer-september-30-to-october-61_page_14.png,1543,3600,ad_block,45,2038,504,2503
4588_no-frills-on-flyer-september-30-to-october-61_page_14.png,1543,3600,ad_block,520,2056,995,2497
4588_no-frills-on-flyer-september-30-to-october-61_page_14.png,1543,3600,ad_block,1010,2050,1504,2494
4588_no-frills-on-flyer-september-30-to-october-61_page_14.png,1543,3600,ad_block,51,2503,476,3000
4588_no-frills-on-flyer-september-30-to-october-61_page_14.png,1543,3600,ad_block,532,2506,1023,2991
4588_no-frills-on-flyer-september-30-to-october-61_page_14.png,1543,3600,ad_block,1026,2494,1492,3013
4588_no-frills-on-flyer-september-30-to-october-61_page_14.png,1543,3600,ad_block,45,3003,398,3513
4588_no-frills-on-flyer-september-30-to-october-61_page_14.png,1543,3600,ad_block,398,3003,785,3506
4588_no-frills-on-flyer-september-30-to-october-61_page_14.png,1543,3600,ad_block,785,3006,1132,3516
4588_no-frills-on-flyer-september-30-to-october-61_page_14.png,1543,3600,ad_block,1129,3019,1498,3513
4585_no-frills-on-flyer-october-7-to-131_page_6.png,1543,3600,ad_block,50,204,819,1063
4585_no-frills-on-flyer-october-7-to-131_page_6.png,1543,3600,ad_block,835,229,1485,1062
4585_no-frills-on-flyer-october-7-to-131_page_6.png,1543,3600,ad_block,54,1074,763,1479
4585_no-frills-on-flyer-october-7-to-131_page_6.png,1543,3600,ad_block,777,1076,1496,1481
4585_no-frills-on-flyer-october-7-to-131_page_6.png,1543,3600,ad_block,46,1486,527,1890
4585_no-frills-on-flyer-october-7-to-131_page_6.png,1543,3600,ad_block,535,1488,1013,1895
4585_no-frills-on-flyer-october-7-to-131_page_6.png,1543,3600,ad_block,1015,1490,1501,1898
4585_no-frills-on-flyer-october-7-to-131_page_6.png,1543,3600,ad_block,46,1900,404,2310
4585_no-frills-on-flyer-october-7-to-131_page_6.png,1543,3600,ad_block,413,1900,768,2312
4585_no-frills-on-flyer-october-7-to-131_page_6.png,1543,3600,ad_block,775,1900,1132,2324
4585_no-frills-on-flyer-october-7-to-131_page_6.png,1543,3600,ad_block,1139,1898,1504,2319
4585_no-frills-on-flyer-october-7-to-131_page_6.png,1543,3600,ad_block,56,2452,508,2919
4585_no-frills-on-flyer-october-7-to-131_page_6.png,1543,3600,ad_block,523,2448,987,2924
4585_no-frills-on-flyer-october-7-to-131_page_6.png,1543,3600,ad_block,1001,2450,1485,2919
4586_no-frills-atlantic-flyer-october-7-to-13_page_10.png,1543,3600,ad_block,63,295,758,957
4586_no-frills-atlantic-flyer-october-7-to-13_page_10.png,1543,3600,ad_block,777,212,1494,950
4586_no-frills-atlantic-flyer-october-7-to-13_page_10.png,1543,3600,ad_block,54,962,577,1440
4586_no-frills-atlantic-flyer-october-7-to-13_page_10.png,1543,3600,ad_block,530,967,1015,1445
4586_no-frills-atlantic-flyer-october-7-to-13_page_10.png,1543,3600,ad_block,1018,955,1492,1438
4586_no-frills-atlantic-flyer-october-7-to-13_page_10.png,1543,3600,ad_block,54,1445,527,1914
4586_no-frills-atlantic-flyer-october-7-to-13_page_10.png,1543,3600,ad_block,527,1448,985,1933
4586_no-frills-atlantic-flyer-october-7-to-13_page_10.png,1543,3600,ad_block,994,1445,1494,1924
4586_no-frills-atlantic-flyer-october-7-to-13_page_10.png,1543,3600,ad_block,51,1917,404,2381
4586_no-frills-atlantic-flyer-october-7-to-13_page_10.png,1543,3600,ad_block,406,1933,768,2393
4586_no-frills-atlantic-flyer-october-7-to-13_page_10.png,1543,3600,ad_block,773,1988,1144,2398
4586_no-frills-atlantic-flyer-october-7-to-13_page_10.png,1543,3600,ad_block,1139,1931,1492,2407
4586_no-frills-atlantic-flyer-october-7-to-13_page_10.png,1543,3600,ad_block,44,2381,408,2879
4586_no-frills-atlantic-flyer-october-7-to-13_page_10.png,1543,3600,ad_block,386,2424,770,2886
4586_no-frills-atlantic-flyer-october-7-to-13_page_10.png,1543,3600,ad_block,773,2417,1135,2883
4586_no-frills-atlantic-flyer-october-7-to-13_page_10.png,1543,3600,ad_block,1135,2479,1494,2886
4588_no-frills-on-flyer-september-30-to-october-61_page_10.png,1543,3600,ad_block,51,238,830,1062
4588_no-frills-on-flyer-september-30-to-october-61_page_10.png,1543,3600,ad_block,832,229,1506,1062
4588_no-frills-on-flyer-september-30-to-october-61_page_10.png,1543,3600,ad_block,44,1074,525,1571
4588_no-frills-on-flyer-september-30-to-october-61_page_10.png,1543,3600,ad_block,535,1071,1013,1569
4588_no-frills-on-flyer-september-30-to-october-61_page_10.png,1543,3600,ad_block,1018,1071,1499,1567
4588_no-frills-on-flyer-september-30-to-october-61_page_10.png,1543,3600,ad_block,46,1581,527,2076
4588_no-frills-on-flyer-september-30-to-october-61_page_10.png,1543,3600,ad_block,532,1576,1013,2074
4588_no-frills-on-flyer-september-30-to-october-61_page_10.png,1543,3600,ad_block,1020,1576,1499,2076
4588_no-frills-on-flyer-september-30-to-october-61_page_10.png,1543,3600,ad_block,46,2083,523,2581
4588_no-frills-on-flyer-september-30-to-october-61_page_10.png,1543,3600,ad_block,530,2083,1008,2579
4588_no-frills-on-flyer-september-30-to-october-61_page_10.png,1543,3600,ad_block,1018,2086,1506,2579
4588_no-frills-on-flyer-september-30-to-october-61_page_10.png,1543,3600,ad_block,46,2590,401,3081
4588_no-frills-on-flyer-september-30-to-october-61_page_10.png,1543,3600,ad_block,413,2588,768,3081
4588_no-frills-on-flyer-september-30-to-october-61_page_10.png,1543,3600,ad_block,777,2590,1130,3081
4588_no-frills-on-flyer-september-30-to-october-61_page_10.png,1543,3600,ad_block,1142,2588,1496,3081
4588_no-frills-on-flyer-september-30-to-october-61_page_4.png,1543,3600,ad_block,48,931,1501,1631
4588_no-frills-on-flyer-september-30-to-october-61_page_4.png,1543,3600,ad_block,48,1666,757,2263
4588_no-frills-on-flyer-september-30-to-october-61_page_4.png,1543,3600,ad_block,788,1666,1495,2263
4588_no-frills-on-flyer-september-30-to-october-61_page_4.png,1543,3600,ad_block,48,2294,510,2881
4588_no-frills-on-flyer-september-30-to-october-61_page_4.png,1543,3600,ad_block,545,2291,1001,2875
4588_no-frills-on-flyer-september-30-to-october-61_page_4.png,1543,3600,ad_block,1035,2294,1501,2875
4588_no-frills-on-flyer-september-30-to-october-61_page_4.png,1543,3600,ad_block,44,2912,387,3512
4588_no-frills-on-flyer-september-30-to-october-61_page_4.png,1543,3600,ad_block,418,2910,754,3507
4588_no-frills-on-flyer-september-30-to-october-61_page_4.png,1543,3600,ad_block,792,2910,1127,3512
4588_no-frills-on-flyer-september-30-to-october-61_page_4.png,1543,3600,ad_block,1158,2910,1496,3517
4588_no-frills-on-flyer-september-30-to-october-61_page_2.png,1543,3600,ad_block,782,456,1495,891
4588_no-frills-on-flyer-september-30-to-october-61_page_2.png,1543,3600,ad_block,67,884,1354,1263
4588_no-frills-on-flyer-september-30-to-october-61_page_2.png,1543,3600,ad_block,60,1269,835,1869
4588_no-frills-on-flyer-september-30-to-october-61_page_2.png,1543,3600,ad_block,838,1272,1482,1869
4588_no-frills-on-flyer-september-30-to-october-61_page_2.png,1543,3600,ad_block,54,1875,832,2356
4588_no-frills-on-flyer-september-30-to-october-61_page_2.png,1543,3600,ad_block,835,1875,1495,2363
4588_no-frills-on-flyer-september-30-to-october-61_page_2.png,1543,3600,ad_block,54,2363,520,2941
4588_no-frills-on-flyer-september-30-to-october-61_page_2.png,1543,3600,ad_block,517,2359,1057,2947
4588_no-frills-on-flyer-september-30-to-october-61_page_2.png,1543,3600,ad_block,1063,2369,1495,2953
4588_no-frills-on-flyer-september-30-to-october-61_page_2.png,1543,3600,ad_block,42,2969,1498,3453
4586_no-frills-atlantic-flyer-october-7-to-13_page_16.png,1543,3600,ad_block,54,213,779,1028
4586_no-frills-atlantic-flyer-october-7-to-13_page_16.png,1543,3600,ad_block,804,203,1488,1022
4586_no-frills-atlantic-flyer-october-7-to-13_page_16.png,1543,3600,ad_block,57,1044,738,1856
4586_no-frills-atlantic-flyer-october-7-to-13_page_16.png,1543,3600,ad_block,901,1022,1485,1856
4586_no-frills-atlantic-flyer-october-7-to-13_page_16.png,1543,3600,ad_block,60,1988,760,2706
4586_no-frills-atlantic-flyer-october-7-to-13_page_16.png,1543,3600,ad_block,785,1866,1479,2709
4586_no-frills-atlantic-flyer-october-7-to-13_page_16.png,1543,3600,ad_block,70,2731,523,3509
4586_no-frills-atlantic-flyer-october-7-to-13_page_16.png,1543,3600,ad_block,526,2828,985,3509
4586_no-frills-atlantic-flyer-october-7-to-13_page_16.png,1543,3600,ad_block,1010,2791,1473,3506
4587_no-frills-west-flyer-october-1-to-7_page_12.png,1543,3600,ad_block,45,203,782,931
4587_no-frills-west-flyer-october-1-to-7_page_12.png,1543,3600,ad_block,792,206,1495,922
4587_no-frills-west-flyer-october-1-to-7_page_12.png,1543,3600,ad_block,45,944,526,1459
4587_no-frills-west-flyer-october-1-to-7_page_12.png,1543,3600,ad_block,532,934,1026,1466
4587_no-frills-west-flyer-october-1-to-7_page_12.png,1543,3600,ad_block,1029,934,1492,1447
4587_no-frills-west-flyer-october-1-to-7_page_12.png,1543,3600,ad_block,1026,1463,1482,2009
4587_no-frills-west-flyer-october-1-to-7_page_12.png,1543,3600,ad_block,526,1475,1026,2019
4587_no-frills-west-flyer-october-1-to-7_page_12.png,1543,3600,ad_block,42,1459,523,2016
4587_no-frills-west-flyer-october-1-to-7_page_12.png,1543,3600,ad_block,42,2019,518,2483
4587_no-frills-west-flyer-october-1-to-7_page_12.png,1543,3600,ad_block,523,2026,1020,2471
4587_no-frills-west-flyer-october-1-to-7_page_12.png,1543,3600,ad_block,1020,2012,1506,2474
4587_no-frills-west-flyer-october-1-to-7_page_12.png,1543,3600,ad_block,44,2488,535,2976
4587_no-frills-west-flyer-october-1-to-7_page_12.png,1543,3600,ad_block,539,2486,1025,2981
4587_no-frills-west-flyer-october-1-to-7_page_12.png,1543,3600,ad_block,1030,2476,1496,2979
4587_no-frills-west-flyer-october-1-to-7_page_12.png,1543,3600,ad_block,44,2979,413,3512
4587_no-frills-west-flyer-october-1-to-7_page_12.png,1543,3600,ad_block,415,3000,756,3510
4587_no-frills-west-flyer-october-1-to-7_page_12.png,1543,3600,ad_block,763,2990,1142,3519
4587_no-frills-west-flyer-october-1-to-7_page_12.png,1543,3600,ad_block,1142,2988,1496,3510
4587_no-frills-west-flyer-october-1-to-7_page_2.png,1543,3600,ad_block,742,463,1485,906
4587_no-frills-west-flyer-october-1-to-7_page_2.png,1543,3600,ad_block,38,900,1501,1372
4587_no-frills-west-flyer-october-1-to-7_page_2.png,1543,3600,ad_block,57,1303,732,1884
4587_no-frills-west-flyer-october-1-to-7_page_2.png,1543,3600,ad_block,720,1366,1492,1856
4587_no-frills-west-flyer-october-1-to-7_page_2.png,1543,3600,ad_block,51,1884,751,2391
4587_no-frills-west-flyer-october-1-to-7_page_2.png,1543,3600,ad_block,795,1859,1492,2388
4587_no-frills-west-flyer-october-1-to-7_page_2.png,1543,3600,ad_block,57,2394,676,2938
4587_no-frills-west-flyer-october-1-to-7_page_2.png,1543,3600,ad_block,676,2400,1482,2947
4587_no-frills-west-flyer-october-1-to-7_page_2.png,1543,3600,ad_block,38,2963,1492,3450
4587_no-frills-west-flyer-october-1-to-7_page_14.png,1543,3600,ad_block,45,216,838,1059
4587_no-frills-west-flyer-october-1-to-7_page_14.png,1543,3600,ad_block,845,219,1495,1063
4587_no-frills-west-flyer-october-1-to-7_page_14.png,1543,3600,ad_block,45,1072,523,1522
4587_no-frills-west-flyer-october-1-to-7_page_14.png,1543,3600,ad_block,535,1069,1007,1519
4587_no-frills-west-flyer-october-1-to-7_page_14.png,1543,3600,ad_block,1020,1072,1495,1519
4587_no-frills-west-flyer-october-1-to-7_page_14.png,1543,3600,ad_block,42,1531,520,1972
4587_no-frills-west-flyer-october-1-to-7_page_14.png,1543,3600,ad_block,532,1528,1007,1975
4587_no-frills-west-flyer-october-1-to-7_page_14.png,1543,3600,ad_block,1020,1531,1501,1975
4587_no-frills-west-flyer-october-1-to-7_page_14.png,1543,3600,ad_block,48,1988,520,2425
4587_no-frills-west-flyer-october-1-to-7_page_14.png,1543,3600,ad_block,529,1981,1010,2428
4587_no-frills-west-flyer-october-1-to-7_page_14.png,1543,3600,ad_block,1023,1984,1495,2425
4587_no-frills-west-flyer-october-1-to-7_page_14.png,1543,3600,ad_block,45,2437,523,2894
4587_no-frills-west-flyer-october-1-to-7_page_14.png,1543,3600,ad_block,529,2438,1007,2897
4587_no-frills-west-flyer-october-1-to-7_page_14.png,1543,3600,ad_block,1020,2434,1504,2888
4587_no-frills-west-flyer-october-1-to-7_page_14.png,1543,3600,ad_block,42,3033,404,3512
4587_no-frills-west-flyer-october-1-to-7_page_14.png,1543,3600,ad_block,411,3036,768,3510
4587_no-frills-west-flyer-october-1-to-7_page_14.png,1543,3600,ad_block,773,3036,1125,3510
4587_no-frills-west-flyer-october-1-to-7_page_14.png,1543,3600,ad_block,1130,3029,1494,3510
4588_no-frills-on-flyer-september-30-to-october-61_page_18.png,1543,3600,ad_block,48,228,776,866
4588_no-frills-on-flyer-september-30-to-october-61_page_18.png,1543,3600,ad_block,782,228,1492,866
4588_no-frills-on-flyer-september-30-to-october-61_page_18.png,1543,3600,ad_block,45,878,763,1534
4588_no-frills-on-flyer-september-30-to-october-61_page_18.png,1543,3600,ad_block,785,872,1495,1541
4588_no-frills-on-flyer-september-30-to-october-61_page_18.png,1543,3600,ad_block,48,1550,798,2194
4588_no-frills-on-flyer-september-30-to-october-61_page_18.png,1543,3600,ad_block,876,1547,1495,2191
4588_no-frills-on-flyer-september-30-to-october-61_page_18.png,1543,3600,ad_block,48,2213,788,2838
4588_no-frills-on-flyer-september-30-to-october-61_page_18.png,1543,3600,ad_block,795,2213,1498,2850
4588_no-frills-on-flyer-september-30-to-october-61_page_18.png,1543,3600,ad_block,51,2847,713,3494
4588_no-frills-on-flyer-september-30-to-october-61_page_18.png,1543,3600,ad_block,779,2850,1495,3509
4585_no-frills-on-flyer-october-7-to-131_page_4.png,1543,3600,ad_block,47,1185,755,1673
4585_no-frills-on-flyer-october-7-to-131_page_4.png,1543,3600,ad_block,787,1178,1497,1673
4585_no-frills-on-flyer-october-7-to-131_page_4.png,1543,3600,ad_block,42,1703,517,2193
4585_no-frills-on-flyer-october-7-to-131_page_4.png,1543,3600,ad_block,545,1698,997,2193
4585_no-frills-on-flyer-october-7-to-131_page_4.png,1543,3600,ad_block,1025,1700,1502,2195
4585_no-frills-on-flyer-october-7-to-131_page_4.png,1543,3600,ad_block,45,2223,395,2845
4585_no-frills-on-flyer-october-7-to-131_page_4.png,1543,3600,ad_block,425,2220,755,2845
4585_no-frills-on-flyer-october-7-to-131_page_4.png,1543,3600,ad_block,785,2220,1125,2850
4585_no-frills-on-flyer-october-7-to-131_page_4.png,1543,3600,ad_block,1152,2223,1495,2848
4585_no-frills-on-flyer-october-7-to-131_page_4.png,1543,3600,ad_block,40,2875,397,3510
4585_no-frills-on-flyer-october-7-to-131_page_4.png,1543,3600,ad_block,422,2875,755,3513
4585_no-frills-on-flyer-october-7-to-131_page_4.png,1543,3600,ad_block,787,2880,1122,3515
4585_no-frills-on-flyer-october-7-to-131_page_4.png,1543,3600,ad_block,1152,2877,1500,3513
4589_no-frills-atlantic-flyer-september-30-to-october-6_page_16.png,1543,3600,ad_block,48,231,823,1064
4589_no-frills-atlantic-flyer-september-30-to-october-6_page_16.png,1543,3600,ad_block,836,214,1496,1065
4589_no-frills-atlantic-flyer-september-30-to-october-6_page_16.png,1543,3600,ad_block,43,1076,770,1568
4589_no-frills-atlantic-flyer-september-30-to-october-6_page_16.png,1543,3600,ad_block,781,1076,1496,1571
4589_no-frills-atlantic-flyer-september-30-to-october-6_page_16.png,1543,3600,ad_block,43,1582,523,2076
4589_no-frills-atlantic-flyer-september-30-to-october-6_page_16.png,1543,3600,ad_block,531,1582,1008,2079
4589_no-frills-atlantic-flyer-september-30-to-october-6_page_16.png,1543,3600,ad_block,1017,1582,1499,2074
4589_no-frills-atlantic-flyer-september-30-to-october-6_page_16.png,1543,3600,ad_block,48,2086,525,2582
4589_no-frills-atlantic-flyer-september-30-to-october-6_page_16.png,1543,3600,ad_block,534,2086,1011,2582
4589_no-frills-atlantic-flyer-september-30-to-october-6_page_16.png,1543,3600,ad_block,1020,2086,1493,2584
4589_no-frills-atlantic-flyer-september-30-to-october-6_page_16.png,1543,3600,ad_block,45,2593,400,3080
4589_no-frills-atlantic-flyer-september-30-to-october-6_page_16.png,1543,3600,ad_block,413,2591,766,3080
4589_no-frills-atlantic-flyer-september-30-to-october-6_page_16.png,1543,3600,ad_block,777,2591,1132,3084
4589_no-frills-atlantic-flyer-september-30-to-october-6_page_16.png,1543,3600,ad_block,1141,2595,1495,3082
4589_no-frills-atlantic-flyer-september-30-to-october-6_page_6.png,1543,3600,ad_block,48,1181,754,1622
4589_no-frills-atlantic-flyer-september-30-to-october-6_page_6.png,1543,3600,ad_block,785,1178,1495,1622
4589_no-frills-atlantic-flyer-september-30-to-october-6_page_6.png,1543,3600,ad_block,788,1653,1501,2084
4589_no-frills-atlantic-flyer-september-30-to-october-6_page_6.png,1543,3600,ad_block,45,1656,754,2088
4589_no-frills-atlantic-flyer-september-30-to-october-6_page_6.png,1543,3600,ad_block,45,2119,754,2547
4589_no-frills-atlantic-flyer-september-30-to-october-6_page_6.png,1543,3600,ad_block,788,2116,1501,2547
4589_no-frills-atlantic-flyer-september-30-to-october-6_page_6.png,1543,3600,ad_block,45,2578,757,3031
4589_no-frills-atlantic-flyer-september-30-to-october-6_page_6.png,1543,3600,ad_block,785,2581,1495,3028
4588_no-frills-on-flyer-september-30-to-october-61_page_22.png,1543,3600,ad_block,60,366,748,1069
4588_no-frills-on-flyer-september-30-to-october-61_page_22.png,1543,3600,ad_block,754,350,1492,1072
4588_no-frills-on-flyer-september-30-to-october-61_page_22.png,1543,3600,ad_block,51,1078,751,1747
4588_no-frills-on-flyer-september-30-to-october-61_page_22.png,1543,3600,ad_block,751,1081,1482,1759
4588_no-frills-on-flyer-september-30-to-october-61_page_22.png,1543,3600,ad_block,57,1788,763,2363
4588_no-frills-on-flyer-september-30-to-october-61_page_22.png,1543,3600,ad_block,779,1784,1498,2359
4588_no-frills-on-flyer-september-30-to-october-61_page_22.png,1543,3600,ad_block,51,2375,763,2934
4588_no-frills-on-flyer-september-30-to-october-61_page_22.png,1543,3600,ad_block,779,2375,1498,2934
4588_no-frills-on-flyer-september-30-to-october-61_page_22.png,1543,3600,ad_block,45,2947,520,3506
4588_no-frills-on-flyer-september-30-to-october-61_page_22.png,1543,3600,ad_block,535,2947,1010,3513
4588_no-frills-on-flyer-september-30-to-october-61_page_22.png,1543,3600,ad_block,1026,2947,1492,3519
4587_no-frills-west-flyer-october-1-to-7_page_10.png,1543,3600,ad_block,46,204,1500,1059
4587_no-frills-west-flyer-october-1-to-7_page_10.png,1543,3600,ad_block,51,1075,520,1672
4587_no-frills-west-flyer-october-1-to-7_page_10.png,1543,3600,ad_block,532,1072,1007,1675
4587_no-frills-west-flyer-october-1-to-7_page_10.png,1543,3600,ad_block,1020,1069,1485,1675
4587_no-frills-west-flyer-october-1-to-7_page_10.png,1543,3600,ad_block,45,1688,523,2284
4587_no-frills-west-flyer-october-1-to-7_page_10.png,1543,3600,ad_block,532,1684,1010,2284
4587_no-frills-west-flyer-october-1-to-7_page_10.png,1543,3600,ad_block,1023,1684,1495,2284
4587_no-frills-west-flyer-october-1-to-7_page_10.png,1543,3600,ad_block,45,2294,526,2900
4587_no-frills-west-flyer-october-1-to-7_page_10.png,1543,3600,ad_block,532,2294,1007,2900
4587_no-frills-west-flyer-october-1-to-7_page_10.png,1543,3600,ad_block,1020,2297,1495,2897
4587_no-frills-west-flyer-october-1-to-7_page_10.png,1543,3600,ad_block,48,2909,523,3509
4587_no-frills-west-flyer-october-1-to-7_page_10.png,1543,3600,ad_block,532,2906,1007,3509
4587_no-frills-west-flyer-october-1-to-7_page_10.png,1543,3600,ad_block,1020,2906,1498,3516
4587_no-frills-west-flyer-october-1-to-7_page_6.png,1543,3600,ad_block,42,1181,757,1628
4587_no-frills-west-flyer-october-1-to-7_page_6.png,1543,3600,ad_block,788,1181,1495,1628
4587_no-frills-west-flyer-october-1-to-7_page_6.png,1543,3600,ad_block,49,1664,756,2095
4587_no-frills-west-flyer-october-1-to-7_page_6.png,1543,3600,ad_block,785,1662,1501,2095
4587_no-frills-west-flyer-october-1-to-7_page_6.png,1543,3600,ad_block,46,2131,515,2567
4587_no-frills-west-flyer-october-1-to-7_page_6.png,1543,3600,ad_block,546,2131,996,2562
4587_no-frills-west-flyer-october-1-to-7_page_6.png,1543,3600,ad_block,1030,2126,1496,2560
4587_no-frills-west-flyer-october-1-to-7_page_6.png,1543,3600,ad_block,44,2595,508,3024
4587_no-frills-west-flyer-october-1-to-7_page_6.png,1543,3600,ad_block,549,2598,992,3029
4587_no-frills-west-flyer-october-1-to-7_page_6.png,1543,3600,ad_block,1030,2595,1496,3029
4586_no-frills-atlantic-flyer-october-7-to-13_page_8.png,1543,3600,ad_block,46,264,746,1060
4586_no-frills-atlantic-flyer-october-7-to-13_page_8.png,1543,3600,ad_block,782,238,1501,1062
4586_no-frills-atlantic-flyer-october-7-to-13_page_8.png,1543,3600,ad_block,46,1074,765,1526
4586_no-frills-atlantic-flyer-october-7-to-13_page_8.png,1543,3600,ad_block,775,1074,1499,1526
4586_no-frills-atlantic-flyer-october-7-to-13_page_8.png,1543,3600,ad_block,49,1533,525,1986
4586_no-frills-atlantic-flyer-october-7-to-13_page_8.png,1543,3600,ad_block,535,1538,1011,1988
4586_no-frills-atlantic-flyer-october-7-to-13_page_8.png,1543,3600,ad_block,1018,1533,1499,1986
4586_no-frills-atlantic-flyer-october-7-to-13_page_8.png,1543,3600,ad_block,49,1995,404,2440
4586_no-frills-atlantic-flyer-october-7-to-13_page_8.png,1543,3600,ad_block,413,1995,770,2443
4586_no-frills-atlantic-flyer-october-7-to-13_page_8.png,1543,3600,ad_block,775,1993,1127,2440
4586_no-frills-atlantic-flyer-october-7-to-13_page_8.png,1543,3600,ad_block,1142,1993,1501,2440
4586_no-frills-atlantic-flyer-october-7-to-13_page_8.png,1543,3600,ad_block,49,2452,401,2900
4586_no-frills-atlantic-flyer-october-7-to-13_page_8.png,1543,3600,ad_block,413,2450,765,2898
4586_no-frills-atlantic-flyer-october-7-to-13_page_8.png,1543,3600,ad_block,777,2452,1135,2902
4586_no-frills-atlantic-flyer-october-7-to-13_page_8.png,1543,3600,ad_block,1142,2448,1499,2905
4586_no-frills-atlantic-flyer-october-7-to-13_page_8.png,1543,3600,ad_block,65,3086,494,3507
4586_no-frills-atlantic-flyer-october-7-to-13_page_8.png,1543,3600,ad_block,508,3076,1018,3512
4586_no-frills-atlantic-flyer-october-7-to-13_page_8.png,1543,3600,ad_block,1023,3062,1492,3510
4588_no-frills-on-flyer-september-30-to-october-61_page_20.png,1543,3600,ad_block,50,336,737,1072
4588_no-frills-on-flyer-september-30-to-october-61_page_20.png,1543,3600,ad_block,755,327,1491,1054
4588_no-frills-on-flyer-september-30-to-october-61_page_20.png,1543,3600,ad_block,55,1127,782,1772
4588_no-frills-on-flyer-september-30-to-october-61_page_20.png,1543,3600,ad_block,800,1054,1482,1772
4588_no-frills-on-flyer-september-30-to-october-61_page_20.png,1543,3600,ad_block,48,1797,517,2353
4588_no-frills-on-flyer-september-30-to-october-61_page_20.png,1543,3600,ad_block,526,1794,1017,2353
4588_no-frills-on-flyer-september-30-to-october-61_page_20.png,1543,3600,ad_block,1029,1797,1495,2353
4588_no-frills-on-flyer-september-30-to-october-61_page_20.png,1543,3600,ad_block,48,2366,517,2931
4588_no-frills-on-flyer-september-30-to-october-61_page_20.png,1543,3600,ad_block,526,2366,1017,2928
4588_no-frills-on-flyer-september-30-to-october-61_page_20.png,1543,3600,ad_block,1026,2366,1495,2931
4588_no-frills-on-flyer-september-30-to-october-61_page_20.png,1543,3600,ad_block,45,2941,513,3509
4588_no-frills-on-flyer-september-30-to-october-61_page_20.png,1543,3600,ad_block,526,2941,1013,3513
4588_no-frills-on-flyer-september-30-to-october-61_page_20.png,1543,3600,ad_block,1029,2938,1492,3506
4589_no-frills-atlantic-flyer-september-30-to-october-6_page_4.png,1543,3600,ad_block,46,1013,1496,1631
4589_no-frills-atlantic-flyer-september-30-to-october-6_page_4.png,1543,3600,ad_block,48,1669,751,2256
4589_no-frills-atlantic-flyer-september-30-to-october-6_page_4.png,1543,3600,ad_block,792,1666,1495,2263
4589_no-frills-atlantic-flyer-september-30-to-october-6_page_4.png,1543,3600,ad_block,45,2291,507,2875
4589_no-frills-atlantic-flyer-september-30-to-october-6_page_4.png,1543,3600,ad_block,542,2291,1001,2875
4589_no-frills-atlantic-flyer-september-30-to-october-6_page_4.png,1543,3600,ad_block,1038,2291,1495,2878
4589_no-frills-atlantic-flyer-september-30-to-october-6_page_4.png,1543,3600,ad_block,48,2913,507,3509
4589_no-frills-atlantic-flyer-september-30-to-october-6_page_4.png,1543,3600,ad_block,538,2913,1010,3513
4589_no-frills-atlantic-flyer-september-30-to-october-6_page_4.png,1543,3600,ad_block,1038,2906,1498,3509
4587_no-frills-west-flyer-october-1-to-7_page_20.png,1543,3600,ad_block,54,328,738,1053
4587_no-frills-west-flyer-october-1-to-7_page_20.png,1543,3600,ad_block,754,456,1482,1072
4587_no-frills-west-flyer-october-1-to-7_page_20.png,1543,3600,ad_block,51,1066,717,1750
4587_no-frills-west-flyer-october-1-to-7_page_20.png,1543,3600,ad_block,742,1181,1479,1766
4587_no-frills-west-flyer-october-1-to-7_page_20.png,1543,3600,ad_block,48,1778,517,2359
4587_no-frills-west-flyer-october-1-to-7_page_20.png,1543,3600,ad_block,529,1791,1020,2350
4587_no-frills-west-flyer-october-1-to-7_page_20.png,1543,3600,ad_block,1029,1788,1495,2341
4587_no-frills-west-flyer-october-1-to-7_page_20.png,1543,3600,ad_block,45,2366,513,2928
4587_no-frills-west-flyer-october-1-to-7_page_20.png,1543,3600,ad_block,527,2364,1015,2931
4587_no-frills-west-flyer-october-1-to-7_page_20.png,1543,3600,ad_block,1025,2362,1496,2929
4587_no-frills-west-flyer-october-1-to-7_page_20.png,1543,3600,ad_block,46,2938,518,3514
4587_no-frills-west-flyer-october-1-to-7_page_20.png,1543,3600,ad_block,527,2936,1018,3510
4587_no-frills-west-flyer-october-1-to-7_page_20.png,1543,3600,ad_block,1027,2936,1496,3514
4586_no-frills-atlantic-flyer-october-7-to-13_page_14.png,1543,3600,ad_block,57,225,735,1053
4586_no-frills-atlantic-flyer-october-7-to-13_page_14.png,1543,3600,ad_block,767,206,1479,1063
4586_no-frills-atlantic-flyer-october-7-to-13_page_14.png,1543,3600,ad_block,48,1075,520,1522
4586_no-frills-atlantic-flyer-october-7-to-13_page_14.png,1543,3600,ad_block,532,1072,1010,1509
4586_no-frills-atlantic-flyer-october-7-to-13_page_14.png,1543,3600,ad_block,1020,1072,1495,1522
4586_no-frills-atlantic-flyer-october-7-to-13_page_14.png,1543,3600,ad_block,48,1534,517,1978
4586_no-frills-atlantic-flyer-october-7-to-13_page_14.png,1543,3600,ad_block,532,1531,1010,1981
4586_no-frills-atlantic-flyer-october-7-to-13_page_14.png,1543,3600,ad_block,1020,1531,1499,1981
4586_no-frills-atlantic-flyer-october-7-to-13_page_14.png,1543,3600,ad_block,44,1986,523,2431
4586_no-frills-atlantic-flyer-october-7-to-13_page_14.png,1543,3600,ad_block,535,1990,1006,2431
4586_no-frills-atlantic-flyer-october-7-to-13_page_14.png,1543,3600,ad_block,1015,1988,1499,2429
4586_no-frills-atlantic-flyer-october-7-to-13_page_14.png,1543,3600,ad_block,46,2445,406,2890
4586_no-frills-atlantic-flyer-october-7-to-13_page_14.png,1543,3600,ad_block,413,2443,765,2888
4586_no-frills-atlantic-flyer-october-7-to-13_page_14.png,1543,3600,ad_block,777,2445,1130,2893
4586_no-frills-atlantic-flyer-october-7-to-13_page_14.png,1543,3600,ad_block,1139,2443,1492,2883
4588_no-frills-on-flyer-september-30-to-october-61_page_8.png,1543,3600,ad_block,63,213,726,1056
4588_no-frills-on-flyer-september-30-to-october-61_page_8.png,1543,3600,ad_block,748,213,1495,1059
4588_no-frills-on-flyer-september-30-to-october-61_page_8.png,1543,3600,ad_block,45,1072,763,1678
4588_no-frills-on-flyer-september-30-to-october-61_page_8.png,1543,3600,ad_block,776,1069,1495,1678
4588_no-frills-on-flyer-september-30-to-october-61_page_8.png,1543,3600,ad_block,42,1688,520,2297
4588_no-frills-on-flyer-september-30-to-october-61_page_8.png,1543,3600,ad_block,530,1686,1013,2293
4588_no-frills-on-flyer-september-30-to-october-61_page_8.png,1543,3600,ad_block,1018,1686,1499,2295
4588_no-frills-on-flyer-september-30-to-october-61_page_8.png,1543,3600,ad_block,44,2305,523,2924
4588_no-frills-on-flyer-september-30-to-october-61_page_8.png,1543,3600,ad_block,530,2305,1011,2921
4588_no-frills-on-flyer-september-30-to-october-61_page_8.png,1543,3600,ad_block,1018,2302,1499,2924
4588_no-frills-on-flyer-september-30-to-october-61_page_8.png,1543,3600,ad_block,54,3064,542,3517
4588_no-frills-on-flyer-september-30-to-october-61_page_8.png,1543,3600,ad_block,544,3064,1011,3521
4588_no-frills-on-flyer-september-30-to-october-61_page_8.png,1543,3600,ad_block,1013,3062,1494,3519
4589_no-frills-atlantic-flyer-september-30-to-october-6_page_10.png,1543,3600,ad_block,40,206,1494,1060
4589_no-frills-atlantic-flyer-september-30-to-october-6_page_10.png,1543,3600,ad_block,49,1076,523,1674
4589_no-frills-atlantic-flyer-september-30-to-october-6_page_10.png,1543,3600,ad_block,534,1071,1009,1674
4589_no-frills-atlantic-flyer-september-30-to-october-6_page_10.png,1543,3600,ad_block,1020,1074,1493,1674
4589_no-frills-atlantic-flyer-september-30-to-october-6_page_10.png,1543,3600,ad_block,49,1688,523,2285
4589_no-frills-atlantic-flyer-september-30-to-october-6_page_10.png,1543,3600,ad_block,534,1685,1014,2282
4589_no-frills-atlantic-flyer-september-30-to-october-6_page_10.png,1543,3600,ad_block,1020,1679,1496,2288
4589_no-frills-atlantic-flyer-september-30-to-october-6_page_10.png,1543,3600,ad_block,46,2297,526,2903
4589_no-frills-atlantic-flyer-september-30-to-october-6_page_10.png,1543,3600,ad_block,534,2294,1008,2900
4589_no-frills-atlantic-flyer-september-30-to-october-6_page_10.png,1543,3600,ad_block,1020,2294,1493,2894
4589_no-frills-atlantic-flyer-september-30-to-october-6_page_10.png,1543,3600,ad_block,49,2906,405,3512
4589_no-frills-atlantic-flyer-september-30-to-october-6_page_10.png,1543,3600,ad_block,411,2906,770,3509
4589_no-frills-atlantic-flyer-september-30-to-october-6_page_10.png,1543,3600,ad_block,781,2906,1131,3509
4589_no-frills-atlantic-flyer-september-30-to-october-6_page_10.png,1543,3600,ad_block,1140,2909,1490,3512
4587_no-frills-west-flyer-october-1-to-7_page_4.png,1543,3600,ad_block,41,941,1496,1631
4587_no-frills-west-flyer-october-1-to-7_page_4.png,1543,3600,ad_block,45,1663,754,2259
4587_no-frills-west-flyer-october-1-to-7_page_4.png,1543,3600,ad_block,788,1666,1495,2256
4587_no-frills-west-flyer-october-1-to-7_page_4.png,1543,3600,ad_block,48,2294,504,2878
4587_no-frills-west-flyer-october-1-to-7_page_4.png,1543,3600,ad_block,545,2291,1001,2872
4587_no-frills-west-flyer-october-1-to-7_page_4.png,1543,3600,ad_block,1038,2288,1498,2878
4587_no-frills-west-flyer-october-1-to-7_page_4.png,1543,3600,ad_block,42,2909,385,3513
4587_no-frills-west-flyer-october-1-to-7_page_4.png,1543,3600,ad_block,420,2906,757,3509
4587_no-frills-west-flyer-october-1-to-7_page_4.png,1543,3600,ad_block,785,2913,1129,3509
4587_no-frills-west-flyer-october-1-to-7_page_4.png,1543,3600,ad_block,1160,2909,1501,3509
4587_no-frills-west-flyer-october-1-to-7_page_16.png,1543,3600,ad_block,48,231,748,1063
4587_no-frills-west-flyer-october-1-to-7_page_16.png,1543,3600,ad_block,807,225,1488,1059
4587_no-frills-west-flyer-october-1-to-7_page_16.png,1543,3600,ad_block,45,1075,523,1566
4587_no-frills-west-flyer-october-1-to-7_page_16.png,1543,3600,ad_block,535,1079,1008,1567
4587_no-frills-west-flyer-october-1-to-7_page_16.png,1543,3600,ad_block,1018,1083,1496,1567
4587_no-frills-west-flyer-october-1-to-7_page_16.png,1543,3600,ad_block,44,1579,525,2076
4587_no-frills-west-flyer-october-1-to-7_page_16.png,1543,3600,ad_block,535,1579,1013,2074
4587_no-frills-west-flyer-october-1-to-7_page_16.png,1543,3600,ad_block,1020,1579,1496,2076
4587_no-frills-west-flyer-october-1-to-7_page_16.png,1543,3600,ad_block,46,2083,525,2586
4587_no-frills-west-flyer-october-1-to-7_page_16.png,1543,3600,ad_block,532,2083,1006,2581
4587_no-frills-west-flyer-october-1-to-7_page_16.png,1543,3600,ad_block,1018,2088,1499,2581
4587_no-frills-west-flyer-october-1-to-7_page_16.png,1543,3600,ad_block,42,2593,525,3079
4587_no-frills-west-flyer-october-1-to-7_page_16.png,1543,3600,ad_block,532,2595,1008,3081
4587_no-frills-west-flyer-october-1-to-7_page_16.png,1543,3600,ad_block,1020,2595,1501,3081
4585_no-frills-on-flyer-october-7-to-131_page_8.png,1543,3600,ad_block,54,210,773,1062
4585_no-frills-on-flyer-october-7-to-131_page_8.png,1543,3600,ad_block,787,207,1494,1057
4585_no-frills-on-flyer-october-7-to-131_page_8.png,1543,3600,ad_block,42,1074,532,1526
4585_no-frills-on-flyer-october-7-to-131_page_8.png,1543,3600,ad_block,535,1079,1015,1519
4585_no-frills-on-flyer-october-7-to-131_page_8.png,1543,3600,ad_block,1023,1076,1499,1521
4585_no-frills-on-flyer-october-7-to-131_page_8.png,1543,3600,ad_block,46,1533,527,1981
4585_no-frills-on-flyer-october-7-to-131_page_8.png,1543,3600,ad_block,535,1533,1011,1983
4585_no-frills-on-flyer-october-7-to-131_page_8.png,1543,3600,ad_block,1023,1529,1489,1981
4585_no-frills-on-flyer-october-7-to-131_page_8.png,1543,3600,ad_block,42,1993,527,2436
4585_no-frills-on-flyer-october-7-to-131_page_8.png,1543,3600,ad_block,532,1990,1018,2438
4585_no-frills-on-flyer-october-7-to-131_page_8.png,1543,3600,ad_block,1023,1988,1499,2436
4585_no-frills-on-flyer-october-7-to-131_page_8.png,1543,3600,ad_block,44,2450,406,2905
4585_no-frills-on-flyer-october-7-to-131_page_8.png,1543,3600,ad_block,411,2445,768,2898
4585_no-frills-on-flyer-october-7-to-131_page_8.png,1543,3600,ad_block,775,2438,1132,2905
4585_no-frills-on-flyer-october-7-to-131_page_8.png,1543,3600,ad_block,1142,2445,1501,2905
4585_no-frills-on-flyer-october-7-to-131_page_8.png,1543,3600,ad_block,63,3071,482,3514
4585_no-frills-on-flyer-october-7-to-131_page_8.png,1543,3600,ad_block,506,3057,1015,3512
4585_no-frills-on-flyer-october-7-to-131_page_8.png,1543,3600,ad_block,1018,3057,1492,3512
4589_no-frills-atlantic-flyer-september-30-to-october-6_page_12.png,1543,3600,ad_block,61,218,870,929
4589_no-frills-atlantic-flyer-september-30-to-october-6_page_12.png,1543,3600,ad_block,896,262,1484,935
4589_no-frills-atlantic-flyer-september-30-to-october-6_page_12.png,1543,3600,ad_block,49,929,531,1418
4589_no-frills-atlantic-flyer-september-30-to-october-6_page_12.png,1543,3600,ad_block,534,938,976,1459
4589_no-frills-atlantic-flyer-september-30-to-october-6_page_12.png,1543,3600,ad_block,1008,935,1490,1444
4589_no-frills-atlantic-flyer-september-30-to-october-6_page_12.png,1543,3600,ad_block,52,1435,528,1962
4589_no-frills-atlantic-flyer-september-30-to-october-6_page_12.png,1543,3600,ad_block,526,1459,1008,1962
4589_no-frills-atlantic-flyer-september-30-to-october-6_page_12.png,1543,3600,ad_block,1008,1450,1449,1974
4589_no-frills-atlantic-flyer-september-30-to-october-6_page_12.png,1543,3600,ad_block,46,1982,490,2479
4589_no-frills-atlantic-flyer-september-30-to-october-6_page_12.png,1543,3600,ad_block,502,1968,1014,2476
4589_no-frills-atlantic-flyer-september-30-to-october-6_page_12.png,1543,3600,ad_block,1017,1982,1487,2471
4589_no-frills-atlantic-flyer-september-30-to-october-6_page_12.png,1543,3600,ad_block,46,2488,520,2979
4589_no-frills-atlantic-flyer-september-30-to-october-6_page_12.png,1543,3600,ad_block,523,2488,1026,3006
4589_no-frills-atlantic-flyer-september-30-to-october-6_page_12.png,1543,3600,ad_block,1028,2482,1496,2985
4589_no-frills-atlantic-flyer-september-30-to-october-6_page_12.png,1543,3600,ad_block,46,2994,528,3506
4589_no-frills-atlantic-flyer-september-30-to-october-6_page_12.png,1543,3600,ad_block,528,3000,1023,3512
4589_no-frills-atlantic-flyer-september-30-to-october-6_page_12.png,1543,3600,ad_block,1023,2991,1493,3506
4587_no-frills-west-flyer-october-1-to-7_page_18.png,1543,3600,ad_block,42,263,767,916
4587_no-frills-west-flyer-october-1-to-7_page_18.png,1543,3600,ad_block,770,253,1495,909
4587_no-frills-west-flyer-october-1-to-7_page_18.png,1543,3600,ad_block,45,928,767,1553
4587_no-frills-west-flyer-october-1-to-7_page_18.png,1543,3600,ad_block,770,916,1488,1566
4587_no-frills-west-flyer-october-1-to-7_page_18.png,1543,3600,ad_block,46,1569,768,2190
4587_no-frills-west-flyer-october-1-to-7_page_18.png,1543,3600,ad_block,768,1569,1496,2188
4587_no-frills-west-flyer-october-1-to-7_page_18.png,1543,3600,ad_block,49,2210,789,2840
4587_no-frills-west-flyer-october-1-to-7_page_18.png,1543,3600,ad_block,794,2210,1494,2838
4587_no-frills-west-flyer-october-1-to-7_page_18.png,1543,3600,ad_block,44,2845,723,3510
4587_no-frills-west-flyer-october-1-to-7_page_18.png,1543,3600,ad_block,792,2848,1494,3512
4588_no-frills-on-flyer-september-30-to-october-61_page_6.png,1543,3600,ad_block,42,1179,754,1621
4588_no-frills-on-flyer-september-30-to-october-61_page_6.png,1543,3600,ad_block,787,1181,1499,1619
4588_no-frills-on-flyer-september-30-to-october-61_page_6.png,1543,3600,ad_block,46,1655,754,2083
4588_no-frills-on-flyer-september-30-to-october-61_page_6.png,1543,3600,ad_block,789,1652,1499,2088
4588_no-frills-on-flyer-september-30-to-october-61_page_6.png,1543,3600,ad_block,787,2119,1499,2545
4588_no-frills-on-flyer-september-30-to-october-61_page_6.png,1543,3600,ad_block,42,2117,756,2550
4588_no-frills-on-flyer-september-30-to-october-61_page_6.png,1543,3600,ad_block,46,2581,758,3029
4588_no-frills-on-flyer-september-30-to-october-61_page_6.png,1543,3600,ad_block,787,2583,1494,3026
4588_no-frills-on-flyer-september-30-to-october-61_page_12.png,1543,3600,ad_block,42,291,757,1059
4588_no-frills-on-flyer-september-30-to-october-61_page_12.png,1543,3600,ad_block,788,225,1495,1059
4588_no-frills-on-flyer-september-30-to-october-61_page_12.png,1543,3600,ad_block,45,1072,763,1675
4588_no-frills-on-flyer-september-30-to-october-61_page_12.png,1543,3600,ad_block,770,1069,1495,1675
4588_no-frills-on-flyer-september-30-to-october-61_page_12.png,1543,3600,ad_block,48,1688,526,2288
4588_no-frills-on-flyer-september-30-to-october-61_page_12.png,1543,3600,ad_block,538,1688,1010,2284
4588_no-frills-on-flyer-september-30-to-october-61_page_12.png,1543,3600,ad_block,1020,1684,1495,2281
4588_no-frills-on-flyer-september-30-to-october-61_page_12.png,1543,3600,ad_block,44,2293,401,2902
4588_no-frills-on-flyer-september-30-to-october-61_page_12.png,1543,3600,ad_block,413,2295,770,2900
4588_no-frills-on-flyer-september-30-to-october-61_page_12.png,1543,3600,ad_block,777,2293,1130,2900
4588_no-frills-on-flyer-september-30-to-october-61_page_12.png,1543,3600,ad_block,1139,2293,1494,2900
4588_no-frills-on-flyer-september-30-to-october-61_page_12.png,1543,3600,ad_block,44,2907,401,3507
4588_no-frills-on-flyer-september-30-to-october-61_page_12.png,1543,3600,ad_block,415,2907,770,3512
4588_no-frills-on-flyer-september-30-to-october-61_page_12.png,1543,3600,ad_block,780,2905,1127,3514
4588_no-frills-on-flyer-september-30-to-october-61_page_12.png,1543,3600,ad_block,1144,2905,1494,3512
4587_no-frills-west-flyer-october-1-to-7_page_22.png,1543,3600,ad_block,42,316,742,1069
4587_no-frills-west-flyer-october-1-to-7_page_22.png,1543,3600,ad_block,751,372,1485,1069
4587_no-frills-west-flyer-october-1-to-7_page_22.png,1543,3600,ad_block,51,1072,842,1756
4587_no-frills-west-flyer-october-1-to-7_page_22.png,1543,3600,ad_block,842,1075,1476,1750
4587_no-frills-west-flyer-october-1-to-7_page_22.png,1543,3600,ad_block,51,1788,767,2366
4587_no-frills-west-flyer-october-1-to-7_page_22.png,1543,3600,ad_block,776,1784,1498,2359
4587_no-frills-west-flyer-october-1-to-7_page_22.png,1543,3600,ad_block,46,2369,768,2936
4587_no-frills-west-flyer-october-1-to-7_page_22.png,1543,3600,ad_block,777,2371,1492,2933
4587_no-frills-west-flyer-october-1-to-7_page_22.png,1543,3600,ad_block,44,2943,527,3510
4587_no-frills-west-flyer-october-1-to-7_page_22.png,1543,3600,ad_block,532,2945,1013,3507
4587_no-frills-west-flyer-october-1-to-7_page_22.png,1543,3600,ad_block,1023,2945,1496,3514
4585_no-frills-on-flyer-october-7-to-131_page_14.png,1543,3600,ad_block,48,269,719,1058
4585_no-frills-on-flyer-october-7-to-131_page_14.png,1543,3600,ad_block,767,208,1483,1058
4585_no-frills-on-flyer-october-7-to-131_page_14.png,1543,3600,ad_block,46,1071,525,1525
4585_no-frills-on-flyer-october-7-to-131_page_14.png,1543,3600,ad_block,531,1071,1012,1521
4585_no-frills-on-flyer-october-7-to-131_page_14.png,1543,3600,ad_block,1017,1067,1498,1523
4585_no-frills-on-flyer-october-7-to-131_page_14.png,1543,3600,ad_block,42,1533,527,1981
4585_no-frills-on-flyer-october-7-to-131_page_14.png,1543,3600,ad_block,533,1531,1012,1981
4585_no-frills-on-flyer-october-7-to-131_page_14.png,1543,3600,ad_block,1017,1531,1496,1981
4585_no-frills-on-flyer-october-7-to-131_page_14.png,1543,3600,ad_block,42,1988,404,2433
4585_no-frills-on-flyer-october-7-to-131_page_14.png,1543,3600,ad_block,413,1988,767,2433
4585_no-frills-on-flyer-october-7-to-131_page_14.png,1543,3600,ad_block,775,1988,1131,2433
4585_no-frills-on-flyer-october-7-to-131_page_14.png,1543,3600,ad_block,1142,1987,1498,2431
4585_no-frills-on-flyer-october-7-to-131_page_14.png,1543,3600,ad_block,42,2442,402,2888
4585_no-frills-on-flyer-october-7-to-131_page_14.png,1543,3600,ad_block,410,2442,765,2890
4585_no-frills-on-flyer-october-7-to-131_page_14.png,1543,3600,ad_block,777,2442,1131,2887
4585_no-frills-on-flyer-october-7-to-131_page_14.png,1543,3600,ad_block,1140,2435,1500,2894
4587_no-frills-west-flyer-october-1-to-7_page_8.png,1543,3600,ad_block,51,219,795,1066
4587_no-frills-west-flyer-october-1-to-7_page_8.png,1543,3600,ad_block,792,216,1495,1059
4587_no-frills-west-flyer-october-1-to-7_page_8.png,1543,3600,ad_block,48,1075,767,1675
4587_no-frills-west-flyer-october-1-to-7_page_8.png,1543,3600,ad_block,776,1069,1495,1681
4587_no-frills-west-flyer-october-1-to-7_page_8.png,1543,3600,ad_block,45,1691,520,2294
4587_no-frills-west-flyer-october-1-to-7_page_8.png,1543,3600,ad_block,532,1684,1010,2294
4587_no-frills-west-flyer-october-1-to-7_page_8.png,1543,3600,ad_block,1017,1688,1492,2294
4587_no-frills-west-flyer-october-1-to-7_page_8.png,1543,3600,ad_block,48,2300,517,2925
4587_no-frills-west-flyer-october-1-to-7_page_8.png,1543,3600,ad_block,529,2300,1014,2916
4587_no-frills-west-flyer-october-1-to-7_page_8.png,1543,3600,ad_block,1023,2303,1495,2925
4587_no-frills-west-flyer-october-1-to-7_page_8.png,1543,3600,ad_block,45,3053,538,3519
4587_no-frills-west-flyer-october-1-to-7_page_8.png,1543,3600,ad_block,542,3047,1029,3519
4587_no-frills-west-flyer-october-1-to-7_page_8.png,1543,3600,ad_block,1026,3053,1492,3516
4589_no-frills-atlantic-flyer-september-30-to-october-6_page_14.png,1543,3600,ad_block,61,214,857,1060
4589_no-frills-atlantic-flyer-september-30-to-october-6_page_14.png,1543,3600,ad_block,864,297,1490,1065
4589_no-frills-atlantic-flyer-september-30-to-october-6_page_14.png,1543,3600,ad_block,49,1074,767,1524
4589_no-frills-atlantic-flyer-september-30-to-october-6_page_14.png,1543,3600,ad_block,781,1076,1496,1521
4589_no-frills-atlantic-flyer-september-30-to-october-6_page_14.png,1543,3600,ad_block,43,1532,526,1976
4589_no-frills-atlantic-flyer-september-30-to-october-6_page_14.png,1543,3600,ad_block,534,1532,1011,1976
4589_no-frills-atlantic-flyer-september-30-to-october-6_page_14.png,1543,3600,ad_block,1020,1529,1496,1976
4589_no-frills-atlantic-flyer-september-30-to-october-6_page_14.png,1543,3600,ad_block,43,1985,517,2426
4589_no-frills-atlantic-flyer-september-30-to-october-6_page_14.png,1543,3600,ad_block,531,1985,1008,2432
4589_no-frills-atlantic-flyer-september-30-to-october-6_page_14.png,1543,3600,ad_block,1017,1985,1499,2424
4589_no-frills-atlantic-flyer-september-30-to-october-6_page_14.png,1543,3600,ad_block,46,2438,520,2888
4589_no-frills-atlantic-flyer-september-30-to-october-6_page_14.png,1543,3600,ad_block,534,2441,1005,2885
4589_no-frills-atlantic-flyer-september-30-to-october-6_page_14.png,1543,3600,ad_block,1020,2435,1499,2888
4589_no-frills-atlantic-flyer-september-30-to-october-6_page_14.png,1543,3600,ad_block,43,3035,405,3509
4589_no-frills-atlantic-flyer-september-30-to-october-6_page_14.png,1543,3600,ad_block,411,3032,761,3515
4589_no-frills-atlantic-flyer-september-30-to-october-6_page_14.png,1543,3600,ad_block,770,3032,1123,3512
4589_no-frills-atlantic-flyer-september-30-to-october-6_page_14.png,1543,3600,ad_block,1131,3029,1496,3515
4586_no-frills-atlantic-flyer-october-7-to-13_page_6.png,1543,3600,ad_block,51,225,748,1056
4586_no-frills-atlantic-flyer-october-7-to-13_page_6.png,1543,3600,ad_block,757,213,1488,1063
4586_no-frills-atlantic-flyer-october-7-to-13_page_6.png,1543,3600,ad_block,45,1072,767,1478
4586_no-frills-atlantic-flyer-october-7-to-13_page_6.png,1543,3600,ad_block,777,1081,1496,1479
4586_no-frills-atlantic-flyer-october-7-to-13_page_6.png,1543,3600,ad_block,46,1488,527,1886
4586_no-frills-atlantic-flyer-october-7-to-13_page_6.png,1543,3600,ad_block,535,1488,1004,1890
4586_no-frills-atlantic-flyer-october-7-to-13_page_6.png,1543,3600,ad_block,1015,1486,1496,1890
4586_no-frills-atlantic-flyer-october-7-to-13_page_6.png,1543,3600,ad_block,46,1900,404,2317
4586_no-frills-atlantic-flyer-october-7-to-13_page_6.png,1543,3600,ad_block,413,1900,770,2321
4586_no-frills-atlantic-flyer-october-7-to-13_page_6.png,1543,3600,ad_block,780,1902,1130,2319
4586_no-frills-atlantic-flyer-october-7-to-13_page_6.png,1543,3600,ad_block,1139,1900,1496,2319
4586_no-frills-atlantic-flyer-october-7-to-13_page_6.png,1543,3600,ad_block,61,2450,568,2917
4586_no-frills-atlantic-flyer-october-7-to-13_page_6.png,1543,3600,ad_block,539,2448,1013,2924
4586_no-frills-atlantic-flyer-october-7-to-13_page_6.png,1543,3600,ad_block,1023,2448,1496,2917
4586_no-frills-atlantic-flyer-october-7-to-13_page_2.png,1543,3600,ad_block,46,874,711,1571
4586_no-frills-atlantic-flyer-october-7-to-13_page_2.png,1543,3600,ad_block,896,471,1489,974
4586_no-frills-atlantic-flyer-october-7-to-13_page_2.png,1543,3600,ad_block,868,983,1477,1576
4586_no-frills-atlantic-flyer-october-7-to-13_page_2.png,1543,3600,ad_block,49,1610,458,2288
4586_no-frills-atlantic-flyer-october-7-to-13_page_2.png,1543,3600,ad_block,437,1581,963,2295
4586_no-frills-atlantic-flyer-october-7-to-13_page_2.png,1543,3600,ad_block,965,1581,1494,2300
4586_no-frills-atlantic-flyer-october-7-to-13_page_2.png,1543,3600,ad_block,46,2290,413,2900
4586_no-frills-atlantic-flyer-october-7-to-13_page_2.png,1543,3600,ad_block,389,2302,968,2898
4586_no-frills-atlantic-flyer-october-7-to-13_page_2.png,1543,3600,ad_block,970,2307,1496,2898
4586_no-frills-atlantic-flyer-october-7-to-13_page_2.png,1543,3600,ad_block,51,3031,761,3369
4586_no-frills-atlantic-flyer-october-7-to-13_page_2.png,1543,3600,ad_block,782,2990,1501,3371
4585_no-frills-on-flyer-october-7-to-131_page_16.png,1543,3600,ad_block,54,340,750,1142
4585_no-frills-on-flyer-october-7-to-131_page_16.png,1543,3600,ad_block,768,343,1485,1148
4585_no-frills-on-flyer-october-7-to-131_page_16.png,1543,3600,ad_block,51,1152,508,1767
4585_no-frills-on-flyer-october-7-to-131_page_16.png,1543,3600,ad_block,513,1167,1032,1748
4585_no-frills-on-flyer-october-7-to-131_page_16.png,1543,3600,ad_block,1011,1162,1494,1755
4585_no-frills-on-flyer-october-7-to-131_page_16.png,1543,3600,ad_block,42,1781,518,2357
4585_no-frills-on-flyer-october-7-to-131_page_16.png,1543,3600,ad_block,527,1790,1020,2355
4585_no-frills-on-flyer-october-7-to-131_page_16.png,1543,3600,ad_block,1030,1781,1499,2355
4585_no-frills-on-flyer-october-7-to-131_page_16.png,1543,3600,ad_block,49,2364,518,2931
4585_no-frills-on-flyer-october-7-to-131_page_16.png,1543,3600,ad_block,527,2367,1018,2929
4585_no-frills-on-flyer-october-7-to-131_page_16.png,1543,3600,ad_block,1027,2360,1496,2929
4585_no-frills-on-flyer-october-7-to-131_page_16.png,1543,3600,ad_block,44,2940,404,3512
4585_no-frills-on-flyer-october-7-to-131_page_16.png,1543,3600,ad_block,413,2938,768,3510
4585_no-frills-on-flyer-october-7-to-131_page_16.png,1543,3600,ad_block,775,2940,1130,3512
4585_no-frills-on-flyer-october-7-to-131_page_16.png,1543,3600,ad_block,1142,2940,1494,3510
4589_no-frills-atlantic-flyer-september-30-to-october-6_page_18.png,1543,3600,ad_block,46,232,776,874
4589_no-frills-atlantic-flyer-september-30-to-october-6_page_18.png,1543,3600,ad_block,781,232,1490,879
4589_no-frills-atlantic-flyer-september-30-to-october-6_page_18.png,1543,3600,ad_block,43,876,773,1535
4589_no-frills-atlantic-flyer-september-30-to-october-6_page_18.png,1543,3600,ad_block,787,885,1496,1538
4589_no-frills-atlantic-flyer-september-30-to-october-6_page_18.png,1543,3600,ad_block,55,1541,764,2191
4589_no-frills-atlantic-flyer-september-30-to-october-6_page_18.png,1543,3600,ad_block,890,1541,1496,2191
4589_no-frills-atlantic-flyer-september-30-to-october-6_page_18.png,1543,3600,ad_block,49,2212,781,2850
4589_no-frills-atlantic-flyer-september-30-to-october-6_page_18.png,1543,3600,ad_block,793,2206,1499,2865
4589_no-frills-atlantic-flyer-september-30-to-october-6_page_18.png,1543,3600,ad_block,43,2853,696,3508
4589_no-frills-atlantic-flyer-september-30-to-october-6_page_18.png,1543,3600,ad_block,723,2888,1499,3509
4589_no-frills-atlantic-flyer-september-30-to-october-6_page_2.png,1543,3600,ad_block,779,466,1482,884
4589_no-frills-atlantic-flyer-september-30-to-october-6_page_2.png,1543,3600,ad_block,67,891,1432,1309
4589_no-frills-atlantic-flyer-september-30-to-october-6_page_2.png,1543,3600,ad_block,67,1306,607,1828
4589_no-frills-atlantic-flyer-september-30-to-october-6_page_2.png,1543,3600,ad_block,679,1313,1492,1841
4589_no-frills-atlantic-flyer-september-30-to-october-6_page_2.png,1543,3600,ad_block,51,1838,885,2481
4589_no-frills-atlantic-flyer-september-30-to-october-6_page_2.png,1543,3600,ad_block,892,1841,1488,2459
4589_no-frills-atlantic-flyer-september-30-to-october-6_page_2.png,1543,3600,ad_block,48,2484,632,2928
4589_no-frills-atlantic-flyer-september-30-to-october-6_page_2.png,1543,3600,ad_block,648,2472,1495,2931
